SYMBOL,COMPANY_NAME,SECTOR,SOURCE,LAST_UPDATED
3IINFOLTD,3i Infotech Limited,IT,AUTO_V2,2026-06-06
63MOONS,63 moons technologies limited,IT,AUTO_V2,2026-06-06
A2ZINFRA,A2Z Infra Engineering Limited,CAPITAL_GOODS,AUTO_V2,2026-06-06
AAATECH,AAA Technologies Limited,IT,AUTO_V2,2026-06-06
AADHARHFC,Aadhar Housing Finance Limited,NBFC,AUTO_V2,2026-06-06
AARON,Aaron Industries Limited,INDUSTRIAL_MANUFACTURING,AUTO_V2,2026-06-06
AARTIIND,Aarti Industries Limited,CHEMICALS,AUTO_V2,2026-06-06
AAVAS,Aavas Financiers Limited,NBFC,AUTO_V2,2026-06-06
ABB,ABB India Limited,CAPITAL_GOODS,AUTO_V2,2026-06-06
ABFRL,Aditya Birla Fashion and Retail Limited,RETAIL,AUTO_V2,2026-06-06
ABREL,Aditya Birla Real Estate Limited,REALTY,AUTO_V2,2026-06-06
ABSLAMC,Aditya Birla Sun Life AMC Limited,AMC_WEALTH,AUTO_V2,2026-06-06
ACI,Archean Chemical Industries Limited,INDUSTRIAL_MANUFACTURING,AUTO_V2,2026-06-06
ACSTECH,ACS Technologies Limited,IT,AUTO_V2,2026-06-06
ACUTAAS,Acutaas Chemicals Limited,CHEMICALS,AUTO_V2,2026-06-06
ADANIENT,Adani Enterprises Limited,INFRASTRUCTURE,AUTO_V2,2026-06-06
ADANIGREEN,Adani Green Energy Limited,RENEWABLE_ENERGY,AUTO_V2,2026-06-06
ADANIPORTS,Adani Ports and Special Economic Zone Limited,AEROSPACE,AUTO_V2,2026-06-06
ADANIPOWER,Adani Power Limited,POWER,AUTO_V2,2026-06-06
ADFFOODS,ADF Foods Limited,FMCG,AUTO_V2,2026-06-06
ADROITINFO,Adroit Infotech Limited,IT,AUTO_V2,2026-06-06
ADSL,Allied Digital Services Limited,DIGITAL_SERVICES,AUTO_V2,2026-06-06
ADVENZYMES,Advanced Enzyme Technologies Limited,IT,AUTO_V2,2026-06-06
AEGISLOG,Aegis Logistics Limited,LOGISTICS,AUTO_V2,2026-06-06
AEROFLEX,Aeroflex Industries Limited,INDUSTRIAL_MANUFACTURING,AUTO_V2,2026-06-06
AETHER,Aether Industries Limited,INDUSTRIAL_MANUFACTURING,AUTO_V2,2026-06-06
AFCONS,Afcons Infrastructure Limited,INFRASTRUCTURE,AUTO_V2,2026-06-06
AFSL,Abans Financial Services Limited,FINANCIAL_SERVICES,AUTO_V2,2026-06-06
AGARWALEYE,Dr. Agarwal's Health Care Limited,HEALTHCARE,AUTO_V2,2026-06-06
AGIIL,Agi Infra Limited,INFRASTRUCTURE,AUTO_V2,2026-06-06
AHCL,Anlon Healthcare Limited,HEALTHCARE,AUTO_V2,2026-06-06
AHLADA,Ahlada Engineers Limited,CAPITAL_GOODS,AUTO_V2,2026-06-06
AIAENG,AIA Engineering Limited,CAPITAL_GOODS,AUTO_V2,2026-06-06
AIIL,Authum Investment & Infrastructure Limited,INFRASTRUCTURE,AUTO_V2,2026-06-06
AJANTPHARM,Ajanta Pharma Limited,PHARMA,AUTO_V2,2026-06-06
AJAXENGG,Ajax Engineering Limited,CAPITAL_GOODS,AUTO_V2,2026-06-06
AKUMS,Akums Drugs and Pharmaceuticals Limited,PHARMA,AUTO_V2,2026-06-06
ALKEM,Alkem Laboratories Limited,PHARMA,AUTO_V2,2026-06-06
ALKYLAMINE,Alkyl Amines Chemicals Limited,CHEMICALS,AUTO_V2,2026-06-06
ALLCARGO,Allcargo Logistics Limited,LOGISTICS,AUTO_V2,2026-06-06
ALMONDZ,Almondz Global Securities Limited,FINANCIAL_SERVICES,AUTO_V2,2026-06-06
ALOKINDS,Alok Industries Limited,INDUSTRIAL_MANUFACTURING,AUTO_V2,2026-06-06
ALPA,Alpa Laboratories Limited,PHARMA,AUTO_V2,2026-06-06
AMANTA,Amanta Healthcare Limited,HEALTHCARE,AUTO_V2,2026-06-06
AMBER,Amber Enterprises India Limited,CONSUMER_DURABLES,AUTO_V2,2026-06-06
AMBICAAGAR,Ambica Agarbathies & Aroma industries Limited,INDUSTRIAL_MANUFACTURING,AUTO_V2,2026-06-06
AMBUJACEM,Ambuja Cements Limited,CEMENT,AUTO_V2,2026-06-06
AMDIND,AMD Industries Limited,INDUSTRIAL_MANUFACTURING,AUTO_V2,2026-06-06
AMRUTANJAN,Amrutanjan Health Care Limited,HEALTHCARE,AUTO_V2,2026-06-06
ANANDRATHI,Anand Rathi Wealth Limited,FINANCIAL_SERVICES,AUTO_V2,2026-06-06
ANGELONE,Angel One Limited,FINANCIAL_SERVICES,AUTO_V2,2026-06-06
ANTELOPUS,Antelopus Selan Energy Limited,OIL_GAS,AUTO_V2,2026-06-06
ANUHPHR,Anuh Pharma Limited,PHARMA,AUTO_V2,2026-06-06
ANUP,The Anup Engineering Limited,CAPITAL_GOODS,AUTO_V2,2026-06-06
APARINDS,Apar Industries Limited,INDUSTRIAL_MANUFACTURING,AUTO_V2,2026-06-06
APCL,Anjani Portland Cement Limited,CEMENT,AUTO_V2,2026-06-06
APCOTEXIND,Apcotex Industries Limited,INDUSTRIAL_MANUFACTURING,AUTO_V2,2026-06-06
APEX,Apex Frozen Foods Limited,FMCG,AUTO_V2,2026-06-06
APLAPOLLO,APL Apollo Tubes Limited,METALS,AUTO_V2,2026-06-06
APLLTD,Alembic Pharmaceuticals Limited,PHARMA,AUTO_V2,2026-06-06
APOLLOHOSP,Apollo Hospitals Enterprise Limited,HEALTHCARE,AUTO_V2,2026-06-06
APOLLOTYRE,Apollo Tyres Limited,AUTO_ANCILLARY,AUTO_V2,2026-06-06
APOLSINHOT,Apollo Sindoori Hotels Limited,HOSPITALITY,AUTO_V2,2026-06-06
APTUS,Aptus Value Housing Finance India Limited,NBFC,AUTO_V2,2026-06-06
ARCHIDPLY,Archidply Industries Limited,INDUSTRIAL_MANUFACTURING,AUTO_V2,2026-06-06
ARE&M,Amara Raja Energy & Mobility Limited,AUTO_ANCILLARY,AUTO_V2,2026-06-06
ARENTERP,Rajdarshan Industries Limited,INDUSTRIAL_MANUFACTURING,AUTO_V2,2026-06-06
ARMANFIN,Arman Financial Services Limited,FINANCIAL_SERVICES,AUTO_V2,2026-06-06
AROGRANITE,Aro Granite Industries Limited,INDUSTRIAL_MANUFACTURING,AUTO_V2,2026-06-06
ARSSBL,Anand Rathi Share and Stock Brokers Limited,FINANCIAL_SERVICES,AUTO_V2,2026-06-06
ASHOKA,Ashoka Buildcon Limited,CONSTRUCTION,AUTO_V2,2026-06-06
ASKAUTOLTD,ASK Automotive Limited,AUTO,AUTO_V2,2026-06-06
ASTERDM,Aster DM Healthcare Limited,HEALTHCARE,AUTO_V2,2026-06-06
ASTRAMICRO,Astra Microwave Products Limited,DEFENCE,AUTO_V2,2026-06-06
ATHERENERG,Ather Energy Limited,POWER,AUTO_V2,2026-06-06
ATL,Allcargo Terminals Limited,LOGISTICS,AUTO_V2,2026-06-06
AUBANK,AU Small Finance Bank Limited,BANKING,AUTO_V2,2026-06-06
AUROPHARMA,Aurobindo Pharma Limited,PHARMA,AUTO_V2,2026-06-06
AVALON,Avalon Technologies Limited,IT,AUTO_V2,2026-06-06
AVG,AVG Logistics Limited,LOGISTICS,AUTO_V2,2026-06-06
AXISBANK,Axis Bank Limited,BANKING,AUTO_V2,2026-06-06
AXISCADES,AXISCADES Technologies Limited,IT,AUTO_V2,2026-06-06
AZAD,Azad Engineering Limited,CAPITAL_GOODS,AUTO_V2,2026-06-06
BAFNAPH,Bafna Pharmaceuticals Limited,PHARMA,AUTO_V2,2026-06-06
BAJAJ-AUTO,Bajaj Auto Limited,AUTO,AUTO_V2,2026-06-06
BAJAJCON,Bajaj Consumer Care Limited,FMCG,AUTO_V2,2026-06-06
BAJAJELEC,Bajaj Electricals Limited,CONSUMER_DURABLES,AUTO_V2,2026-06-06
BAJAJHCARE,Bajaj Healthcare Limited,HEALTHCARE,AUTO_V2,2026-06-06
BAJAJHFL,Bajaj Housing Finance Limited,NBFC,AUTO_V2,2026-06-06
BAJAJHIND,Bajaj Hindusthan Sugar Limited,SUGAR,AUTO_V2,2026-06-06
BAJAJHLDNG,Bajaj Holdings & Investment Limited,FINANCIAL_SERVICES,AUTO_V2,2026-06-06
BAJAJINDEF,Indef Manufacturing Limited,INDUSTRIAL_MANUFACTURING,AUTO_V2,2026-06-06
BAJAJST,Bajaj Steel Industries Limited,INDUSTRIAL_MANUFACTURING,AUTO_V2,2026-06-06
BAJFINANCE,Bajaj Finance Limited,NBFC,AUTO_V2,2026-06-06
BALAMINES,Balaji Amines Limited,SPECIALTY_CHEMICALS,AUTO_V2,2026-06-06
BALKRISIND,Balkrishna Industries Limited,INDUSTRIAL_MANUFACTURING,AUTO_V2,2026-06-06
BALPHARMA,Bal Pharma Limited,PHARMA,AUTO_V2,2026-06-06
BALRAMCHIN,Balrampur Chini Mills Limited,SUGAR,AUTO_V2,2026-06-06
BALUFORGE,Balu Forge Industries Limited,INDUSTRIAL_MANUFACTURING,AUTO_V2,2026-06-06
BANDHANBNK,Bandhan Bank Limited,BANKING,AUTO_V2,2026-06-06
BANKBARODA,Bank of Baroda,BANKING,AUTO_V2,2026-06-06
BANKINDIA,Bank of India,BANKING,AUTO_V2,2026-06-06
BANSALWIRE,Bansal Wire Industries Limited,INDUSTRIAL_MANUFACTURING,AUTO_V2,2026-06-06
BAYERCROP,Bayer Cropscience Limited,SPECIALTY_CHEMICALS,AUTO_V2,2026-06-06
BCLIND,Bcl Industries Limited,INDUSTRIAL_MANUFACTURING,AUTO_V2,2026-06-06
BCPL,BCPL Railway Infrastructure Limited,RAILWAY,AUTO_V2,2026-06-06
BDL,Bharat Dynamics Limited,DEFENCE,AUTO_V2,2026-06-06
BEDMUTHA,Bedmutha Industries Limited,INDUSTRIAL_MANUFACTURING,AUTO_V2,2026-06-06
BEEKAY,Beekay Steel Industries Limited,INDUSTRIAL_MANUFACTURING,AUTO_V2,2026-06-06
BEL,Bharat Electronics Limited,DEFENCE,AUTO_V2,2026-06-06
BELLACASA,Bella Casa Fashion & Retail Limited,RETAIL,AUTO_V2,2026-06-06
BELRISE,Belrise Industries Limited,INDUSTRIAL_MANUFACTURING,AUTO_V2,2026-06-06
BEML,BEML Limited,DEFENCE,AUTO_V2,2026-06-06
BFINVEST,BF Investment Limited,FINANCIAL_SERVICES,AUTO_V2,2026-06-06
BHAGCHEM,Bhagiradha Chemicals & Industries Limited,INDUSTRIAL_MANUFACTURING,AUTO_V2,2026-06-06
BHAGERIA,Bhageria Industries Limited,INDUSTRIAL_MANUFACTURING,AUTO_V2,2026-06-06
BHARATGEAR,Bharat Gears Limited,INDUSTRIAL_PRODUCTS,AUTO_V2,2026-06-06
BHARTIARTL,Bharti Airtel Limited,TELECOM,AUTO_V2,2026-06-06
BHEL,Bharat Heavy Electricals Limited,CAPITAL_GOODS,AUTO_V2,2026-06-06
BIGBLOC,Bigbloc Construction Limited,CONSTRUCTION,AUTO_V2,2026-06-06
BIMETAL,Bimetal Bearings Limited,INDUSTRIAL_PRODUCTS,AUTO_V2,2026-06-06
BIOFILCHEM,Biofil Chemicals & Pharmaceuticals Limited,PHARMA,AUTO_V2,2026-06-06
BIRLACORPN,Birla Corporation Limited,CEMENT,AUTO_V2,2026-06-06
BIRLAPREC,Birla Precision Technologies Limited,IT,AUTO_V2,2026-06-06
BLISSGVS,Bliss GVS Pharma Limited,PHARMA,AUTO_V2,2026-06-06
BLUEJET,Blue Jet Healthcare Limited,HEALTHCARE,AUTO_V2,2026-06-06
BONLON,Bonlon Industries Limited,INDUSTRIAL_MANUFACTURING,AUTO_V2,2026-06-06
BORORENEW,BOROSIL RENEWABLES LIMITED,RENEWABLE_ENERGY,AUTO_V2,2026-06-06
BOSCHLTD,Bosch Limited,AUTO_ANCILLARY,AUTO_V2,2026-06-06
BPCL,Bharat Petroleum Corporation Limited,OIL_GAS,AUTO_V2,2026-06-06
BRIGADE,Brigade Enterprises Limited,REALTY,AUTO_V2,2026-06-06
BRITANNIA,Britannia Industries Limited,FMCG,AUTO_V2,2026-06-06
BSOFT,BIRLASOFT LIMITED,IT,AUTO_V2,2026-06-06
BYKE,The Byke Hospitality Ltd,HOSPITALITY,AUTO_V2,2026-06-06
CANBK,Canara Bank,BANKING,AUTO_V2,2026-06-06
CANHLIFE,Canara HSBC Life Insurance Company Limited,INSURANCE,AUTO_V2,2026-06-06
CAPITALSFB,Capital Small Finance Bank Limited,BANKING,AUTO_V2,2026-06-06
CAPLIPOINT,Caplin Point Laboratories Limited,PHARMA,AUTO_V2,2026-06-06
CENTRALBK,Central Bank of India,BANKING,AUTO_V2,2026-06-06
CHALET,Chalet Hotels Limited,HOSPITALITY,AUTO_V2,2026-06-06
CHAMBLFERT,Chambal Fertilizers & Chemicals Limited,CHEMICALS,AUTO_V2,2026-06-06
CHEMCON,Chemcon Speciality Chemicals Limited,SPECIALTY_CHEMICALS,AUTO_V2,2026-06-06
CHENNPETRO,Chennai Petroleum Corporation Limited,OIL_GAS,AUTO_V2,2026-06-06
CHOLAFIN,Cholamandalam Investment and Finance Company Limited,NBFC,AUTO_V2,2026-06-06
CHOLAHLDNG,Cholamandalam Financial Holdings Limited,NBFC,AUTO_V2,2026-06-06
CLEAN,Clean Science and Technology Limited,SPECIALTY_CHEMICALS,AUTO_V2,2026-06-06
COCHINSHIP,Cochin Shipyard Limited,DEFENCE,AUTO_V2,2026-06-06
COFORGE,Coforge Limited,IT,AUTO_V2,2026-06-06
COLPAL,Colgate Palmolive (India) Limited,FMCG,AUTO_V2,2026-06-06
COMPUSOFT,Compucom Software Limited,IT,AUTO_V2,2026-06-06
CONCOR,Container Corporation of India Limited,LOGISTICS,AUTO_V2,2026-06-06
COROMANDEL,Coromandel International Limited,FERTILIZERS,AUTO_V2,2026-06-06
CPPLUS,Aditya Infotech Limited,IT,AUTO_V2,2026-06-06
CRAFTSMAN,Craftsman Automation Limited,AUTO_ANCILLARY,AUTO_V2,2026-06-06
CRAMC,Canara Robeco Asset Management Company Limited,AMC_WEALTH,AUTO_V2,2026-06-06
CROMPTON,Crompton Greaves Consumer Electricals Limited,CONSUMER_DURABLES,AUTO_V2,2026-06-06
CSBBANK,CSB Bank Limited,BANKING,AUTO_V2,2026-06-06
CUB,City Union Bank Limited,BANKING,AUTO_V2,2026-06-06
CUMMINSIND,Cummins India Limited,CAPITAL_GOODS,AUTO_V2,2026-06-06
CYBERTECH,Cybertech Systems And Software Limited,IT,AUTO_V2,2026-06-06
CYIENT,Cyient Limited,IT,AUTO_V2,2026-06-06
CYIENTDLM,Cyient DLM Limited,IT,AUTO_V2,2026-06-06
DABUR,Dabur India Limited,FMCG,AUTO_V2,2026-06-06
DALBHARAT,Dalmia Bharat Limited,CEMENT,AUTO_V2,2026-06-06
DALMIASUG,Dalmia Bharat Sugar and Industries Limited,CEMENT,AUTO_V2,2026-06-06
DAMODARIND,Damodar Industries Limited,INDUSTRIAL_MANUFACTURING,AUTO_V2,2026-06-06
DATAPATTNS,Data Patterns (India) Limited,DEFENCE,AUTO_V2,2026-06-06
DBSTOCKBRO,DB (International) Stock Brokers Limited,FINANCIAL_SERVICES,AUTO_V2,2026-06-06
DCBBANK,DCB Bank Limited,BANKING,AUTO_V2,2026-06-06
DCMSRIND,DCM Shriram Industries Limited,INDUSTRIAL_MANUFACTURING,AUTO_V2,2026-06-06
DDEVPLSTIK,Ddev Plastiks Industries Limited,INDUSTRIAL_MANUFACTURING,AUTO_V2,2026-06-06
DEEPAKFERT,Deepak Fertilizers and Petrochemicals Corporation Limited,FERTILIZERS,AUTO_V2,2026-06-06
DEEPAKNTR,Deepak Nitrite Limited,SPECIALTY_CHEMICALS,AUTO_V2,2026-06-06
DEEPINDS,Deep Industries Limited,INDUSTRIAL_MANUFACTURING,AUTO_V2,2026-06-06
DELTAMAGNT,Delta Manufacturing Limited,INDUSTRIAL_MANUFACTURING,AUTO_V2,2026-06-06
DEVIT,Dev Information Technology Limited,IT,AUTO_V2,2026-06-06
DEVYANI,Devyani International Limited,RETAIL,AUTO_V2,2026-06-06
DHANBANK,Dhanlaxmi Bank Limited,BANKING,AUTO_V2,2026-06-06
DHANUKA,Dhanuka Agritech Limited,SPECIALTY_CHEMICALS,AUTO_V2,2026-06-06
DIACABS,Diamond Power Infrastructure Limited,INFRASTRUCTURE,AUTO_V2,2026-06-06
DIAMINESQ,Diamines & Chemicals Limited,CHEMICALS,AUTO_V2,2026-06-06
DIFFNKG,Diffusion Engineers Limited,CAPITAL_GOODS,AUTO_V2,2026-06-06
DIVISLAB,Divi's Laboratories Limited,PHARMA,AUTO_V2,2026-06-06
DIXON,Dixon Technologies (India) Limited,CONSUMER_DURABLES,AUTO_V2,2026-06-06
DJML,DJ Mediaprint & Logistics Limited,LOGISTICS,AUTO_V2,2026-06-06
DMART,Avenue Supermarts Limited,RETAIL,AUTO_V2,2026-06-06
DMCC,DMCC SPECIALITY CHEMICALS LIMITED,SPECIALTY_CHEMICALS,AUTO_V2,2026-06-06
DOLLAR,Dollar Industries Limited,INDUSTRIAL_MANUFACTURING,AUTO_V2,2026-06-06
DOMS,DOMS Industries Limited,INDUSTRIAL_MANUFACTURING,AUTO_V2,2026-06-06
DONEAR,Donear Industries Limited,INDUSTRIAL_MANUFACTURING,AUTO_V2,2026-06-06
DPWIRES,D P Wires Limited,ELECTRICAL_EQUIPMENT,AUTO_V2,2026-06-06
DREDGECORP,Dredging Corporation of India Limited,SHIPBUILDING,AUTO_V2,2026-06-06
DRREDDY,Dr. Reddy's Laboratories Limited,PHARMA,AUTO_V2,2026-06-06
DSFCL,DCM Shriram Fine Chemicals Limited,SPECIALTY_CHEMICALS,AUTO_V2,2026-06-06
DTIL,Dhunseri Tea & Industries Limited,INDUSTRIAL_MANUFACTURING,AUTO_V2,2026-06-06
DWARKESH,Dwarikesh Sugar Industries Limited,SUGAR,AUTO_V2,2026-06-06
DYCL,Dynamic Cables Limited,ELECTRICAL_EQUIPMENT,AUTO_V2,2026-06-06
DYNAMATECH,Dynamatic Technologies Limited,IT,AUTO_V2,2026-06-06
EDELWEISS,Edelweiss Financial Services Limited,FINANCIAL_SERVICES,AUTO_V2,2026-06-06
EICHERMOT,Eicher Motors Limited,AUTO,AUTO_V2,2026-06-06
EIEL,Enviro Infra Engineers Limited,CAPITAL_GOODS,AUTO_V2,2026-06-06
EIFFL,Euro India Fresh Foods Limited,FMCG,AUTO_V2,2026-06-06
EIHAHOTELS,EIH Associated Hotels Limited,HOSPITALITY,AUTO_V2,2026-06-06
ELDEHSG,Eldeco Housing And Industries Limited,INDUSTRIAL_MANUFACTURING,AUTO_V2,2026-06-06
EMCURE,Emcure Pharmaceuticals Limited,PHARMA,AUTO_V2,2026-06-06
EMKAY,Emkay Global Financial Services Limited,FINANCIAL_SERVICES,AUTO_V2,2026-06-06
EMMBI,Emmbi Industries Limited,INDUSTRIAL_MANUFACTURING,AUTO_V2,2026-06-06
EMMVEE,Emmvee Photovoltaic Power Limited,POWER,AUTO_V2,2026-06-06
ENDURANCE,Endurance Technologies Limited,IT,AUTO_V2,2026-06-06
EPACKPEB,EPack Prefab Technologies Limited,IT,AUTO_V2,2026-06-06
EQUITASBNK,Equitas Small Finance Bank Limited,BANKING,AUTO_V2,2026-06-06
ESAFSFB,ESAF Small Finance Bank Limited,BANKING,AUTO_V2,2026-06-06
ESCORTS,Escorts Kubota Limited,AUTO,AUTO_V2,2026-06-06
ESTER,Ester Industries Limited,INDUSTRIAL_MANUFACTURING,AUTO_V2,2026-06-06
EVERESTIND,Everest Industries Limited,INDUSTRIAL_MANUFACTURING,AUTO_V2,2026-06-06
EXCELINDUS,Excel Industries Limited,INDUSTRIAL_MANUFACTURING,AUTO_V2,2026-06-06
EXCELSOFT,Excelsoft Technologies Limited,IT,AUTO_V2,2026-06-06
EXIDEIND,Exide Industries Limited,AUTO_ANCILLARY,AUTO_V2,2026-06-06
FABTECH,Fabtech Technologies Limited,IT,AUTO_V2,2026-06-06
FACT,Fertilizers and Chemicals Travancore Limited,FERTILIZERS,AUTO_V2,2026-06-06
FAIRCHEMOR,Fairchem Organics Limited,CHEMICALS,AUTO_V2,2026-06-06
FEDERALBNK,The Federal Bank  Limited,BANKING,AUTO_V2,2026-06-06
FEDFINA,Fedbank Financial Services Limited,BANKING,AUTO_V2,2026-06-06
FIEMIND,Fiem Industries Limited,AUTO_ANCILLARY,AUTO_V2,2026-06-06
FINCABLES,Finolex Cables Limited,ELECTRICAL_EQUIPMENT,AUTO_V2,2026-06-06
FINEORG,Fine Organic Industries Limited,INDUSTRIAL_MANUFACTURING,AUTO_V2,2026-06-06
FINKURVE,Finkurve Financial Services Limited,FINANCIAL_SERVICES,AUTO_V2,2026-06-06
FINOPB,Fino Payments Bank Limited,BANKING,AUTO_V2,2026-06-06
FINPIPE,Finolex Industries Limited,INDUSTRIAL_MANUFACTURING,AUTO_V2,2026-06-06
FLAIR,Flair Writing Industries Limited,INDUSTRIAL_MANUFACTURING,AUTO_V2,2026-06-06
FLUOROCHEM,Gujarat Fluorochemicals Limited,CHEMICALS,AUTO_V2,2026-06-06
FORCEMOT,FORCE MOTORS LTD,AUTO,AUTO_V2,2026-06-06
FORTIS,Fortis Healthcare Limited,HEALTHCARE,AUTO_V2,2026-06-06
GABRIEL,Gabriel India Limited,INDUSTRIAL_PRODUCTS,AUTO_V2,2026-06-06
GAIL,GAIL (India) Limited,OIL_GAS,AUTO_V2,2026-06-06
GALAPREC,Gala Precision Engineering Limited,CAPITAL_GOODS,AUTO_V2,2026-06-06
GANGESSECU,Ganges Securities Limited,FINANCIAL_SERVICES,AUTO_V2,2026-06-06
GARUDA,Garuda Construction and Engineering Limited,CAPITAL_GOODS,AUTO_V2,2026-06-06
GATECH,GACM Technologies Limited,IT,AUTO_V2,2026-06-06
GATECHDVR,GACM Technologies Limited,IT,AUTO_V2,2026-06-06
GEEKAYWIRE,Geekay Wires Limited,ELECTRICAL_EQUIPMENT,AUTO_V2,2026-06-06
GEOJITFSL,Geojit Financial Services Limited,FINANCIAL_SERVICES,AUTO_V2,2026-06-06
GICHSGFIN,GIC Housing Finance Limited,NBFC,AUTO_V2,2026-06-06
GICRE,General Insurance Corporation of India,INSURANCE,AUTO_V2,2026-06-06
GILLETTE,Gillette India Limited,FMCG,AUTO_V2,2026-06-06
GKENERGY,GK Energy Limited,POWER,AUTO_V2,2026-06-06
GLAND,Gland Pharma Limited,PHARMA,AUTO_V2,2026-06-06
GLAXO,GlaxoSmithKline Pharmaceuticals Limited,PHARMA,AUTO_V2,2026-06-06
GLENMARK,Glenmark Pharmaceuticals Limited,PHARMA,AUTO_V2,2026-06-06
GMRAIRPORT,GMR AIRPORTS LIMITED,AEROSPACE,AUTO_V2,2026-06-06
GMRP&UI,GMR Power and Urban Infra Limited,INFRASTRUCTURE,AUTO_V2,2026-06-06
GNFC,Gujarat Narmada Valley Fertilizers and Chemicals Limited,CHEMICALS,AUTO_V2,2026-06-06
GODIGIT,Go Digit General Insurance Limited,INSURANCE,AUTO_V2,2026-06-06
GODREJCP,Godrej Consumer Products Limited,FMCG,AUTO_V2,2026-06-06
GODREJIND,Godrej Industries Limited,INDUSTRIAL_MANUFACTURING,AUTO_V2,2026-06-06
GODREJPROP,Godrej Properties Limited,REALTY,AUTO_V2,2026-06-06
GPTHEALTH,GPT Healthcare Limited,HEALTHCARE,AUTO_V2,2026-06-06
GRANDOAK,Grand Oak Canyons Distillery Limited,SUGAR,AUTO_V2,2026-06-06
GRANULES,Granules India Limited,PHARMA,AUTO_V2,2026-06-06
GRASIM,Grasim Industries Limited,INDUSTRIAL_MANUFACTURING,AUTO_V2,2026-06-06
GRAVISSHO,Graviss Hospitality Limited,HOSPITALITY,AUTO_V2,2026-06-06
GREENLAM,Greenlam Industries Limited,INDUSTRIAL_MANUFACTURING,AUTO_V2,2026-06-06
GREENPANEL,Greenpanel Industries Limited,INDUSTRIAL_MANUFACTURING,AUTO_V2,2026-06-06
GREENPLY,Greenply Industries Limited,INDUSTRIAL_MANUFACTURING,AUTO_V2,2026-06-06
GRINDWELL,Grindwell Norton Limited,CAPITAL_GOODS,AUTO_V2,2026-06-06
GRSE,Garden Reach Shipbuilders & Engineers Limited,DEFENCE,AUTO_V2,2026-06-06
GSFC,Gujarat State Fertilizers & Chemicals Limited,CHEMICALS,AUTO_V2,2026-06-06
GTLINFRA,GTL Infrastructure Limited,INFRASTRUCTURE,AUTO_V2,2026-06-06
GUJALKALI,Gujarat Alkalies and Chemicals Limited,CHEMICALS,AUTO_V2,2026-06-06
GUJAPOLLO,Gujarat Apollo Industries Limited,INDUSTRIAL_MANUFACTURING,AUTO_V2,2026-06-06
GUJGASLTD,Gujarat Gas Limited,OIL_GAS,AUTO_V2,2026-06-06
GUJRAFFIA,Gujarat Raffia Industries Limited,INDUSTRIAL_MANUFACTURING,AUTO_V2,2026-06-06
GVPTECH,GVP Infotech Limited,IT,AUTO_V2,2026-06-06
HAL,Hindustan Aeronautics Limited,DEFENCE,AUTO_V2,2026-06-06
HAPPSTMNDS,Happiest Minds Technologies Limited,IT,AUTO_V2,2026-06-06
HARIOMPIPE,Hariom Pipe Industries Limited,INDUSTRIAL_MANUFACTURING,AUTO_V2,2026-06-06
HAVELLS,Havells India Limited,ELECTRICAL_EQUIPMENT,AUTO_V2,2026-06-06
HAVISHA,Sri Havisha Hospitality and Infrastructure Limited,INFRASTRUCTURE,AUTO_V2,2026-06-06
HBLENGINE,HBL Engineering Limited,CAPITAL_GOODS,AUTO_V2,2026-06-06
HCL-INSYS,HCL Infosystems Limited,IT,AUTO_V2,2026-06-06
HCLTECH,HCL Technologies Limited,IT,AUTO_V2,2026-06-06
HDBFS,HDB Financial Services Limited,FINANCIAL_SERVICES,AUTO_V2,2026-06-06
HDFCAMC,HDFC Asset Management Company Limited,AMC_WEALTH,AUTO_V2,2026-06-06
HDFCBANK,HDFC Bank Limited,BANKING,AUTO_V2,2026-06-06
HDFCLIFE,HDFC Life Insurance Company Limited,INSURANCE,AUTO_V2,2026-06-06
HEIDELBERG,HeidelbergCement India Limited,CEMENT,AUTO_V2,2026-06-06
HERANBA,Heranba Industries Limited,INDUSTRIAL_MANUFACTURING,AUTO_V2,2026-06-06
HERITGFOOD,Heritage Foods Limited,FMCG,AUTO_V2,2026-06-06
HEROMOTOCO,Hero MotoCorp Limited,AUTO,AUTO_V2,2026-06-06
HEXT,Hexaware Technologies Limited,IT,AUTO_V2,2026-06-06
HGINFRA,H.G. Infra Engineering Limited,CAPITAL_GOODS,AUTO_V2,2026-06-06
HINDALCO,Hindalco Industries Limited,METALS,AUTO_V2,2026-06-06
HINDCOPPER,Hindustan Copper Limited,METALS,AUTO_V2,2026-06-06
HINDPETRO,Hindustan Petroleum Corporation Limited,OIL_GAS,AUTO_V2,2026-06-06
HINDUNILVR,Hindustan Unilever Limited,FMCG,AUTO_V2,2026-06-06
HINDZINC,Hindustan Zinc Limited,METALS,AUTO_V2,2026-06-06
HISARMETAL,Hisar Metal Industries Limited,INDUSTRIAL_MANUFACTURING,AUTO_V2,2026-06-06
HMAAGRO,HMA Agro Industries Limited,INDUSTRIAL_MANUFACTURING,AUTO_V2,2026-06-06
HNDFDS,Hindustan Foods Limited,FMCG,AUTO_V2,2026-06-06
HPIL,Hindprakash Industries Limited,INDUSTRIAL_MANUFACTURING,AUTO_V2,2026-06-06
HPL,HPL Electric & Power Limited,POWER,AUTO_V2,2026-06-06
HYBRIDFIN,Hybrid Financial Services Limited,FINANCIAL_SERVICES,AUTO_V2,2026-06-06
ICICIAMC,ICICI Prudential Asset Management Company Limited,AMC_WEALTH,AUTO_V2,2026-06-06
ICICIBANK,ICICI Bank Limited,BANKING,AUTO_V2,2026-06-06
ICICIGI,ICICI Lombard General Insurance Company Limited,INSURANCE,AUTO_V2,2026-06-06
ICICIPRULI,ICICI Prudential Life Insurance Company Limited,INSURANCE,AUTO_V2,2026-06-06
ICIL,Indo Count Industries Limited,INDUSTRIAL_MANUFACTURING,AUTO_V2,2026-06-06
IDBI,IDBI Bank Limited,BANKING,AUTO_V2,2026-06-06
IDEA,Vodafone Idea Limited,TELECOM,AUTO_V2,2026-06-06
IDFCFIRSTB,IDFC First Bank Limited,BANKING,AUTO_V2,2026-06-06
IFBIND,IFB Industries Limited,INDUSTRIAL_MANUFACTURING,AUTO_V2,2026-06-06
IGL,Indraprastha Gas Limited,OIL_GAS,AUTO_V2,2026-06-06
IGPL,IG Petrochemicals Limited,CHEMICALS,AUTO_V2,2026-06-06
IIFL,IIFL Finance Limited,FINANCIAL_SERVICES,AUTO_V2,2026-06-06
IIFLCAPS,IIFL Capital Services Limited,FINANCIAL_SERVICES,AUTO_V2,2026-06-06
IKIO,IKIO Technologies Limited,IT,AUTO_V2,2026-06-06
INA,Insolation Energy Limited,POWER,AUTO_V2,2026-06-06
INCREDIBLE,INCREDIBLE INDUSTRIES LIMITED,INDUSTRIAL_MANUFACTURING,AUTO_V2,2026-06-06
INDBANK,Indbank Merchant Banking Services Limited,BANKING,AUTO_V2,2026-06-06
INDHOTEL,The Indian Hotels Company Limited,HOSPITALITY,AUTO_V2,2026-06-06
INDIACEM,The India Cements Limited,CEMENT,AUTO_V2,2026-06-06
INDIANB,Indian Bank,BANKING,AUTO_V2,2026-06-06
INDIGO,InterGlobe Aviation Limited,AEROSPACE,AUTO_V2,2026-06-06
INDOBORAX,Indo Borax & Chemicals Limited,CHEMICALS,AUTO_V2,2026-06-06
INDOTHAI,Indo Thai Securities Limited,FINANCIAL_SERVICES,AUTO_V2,2026-06-06
INDSWFTLAB,Ind-Swift Laboratories Limited,PHARMA,AUTO_V2,2026-06-06
INDUSINDBK,IndusInd Bank Limited,BANKING,AUTO_V2,2026-06-06
INFOBEAN,InfoBeans Technologies Limited,IT,AUTO_V2,2026-06-06
INFY,Infosys Limited,IT,AUTO_V2,2026-06-06
INOXGREEN,Inox Green Energy Services Limited,RENEWABLE_ENERGY,AUTO_V2,2026-06-06
INSECTICID,Insecticides (India) Limited,SPECIALTY_CHEMICALS,AUTO_V2,2026-06-06
INTELLECT,Intellect Design Arena Limited,IT,AUTO_V2,2026-06-06
INTENTECH,Intense Technologies Limited,IT,AUTO_V2,2026-06-06
INVENTURE,Inventure Growth & Securities Limited,FINANCIAL_SERVICES,AUTO_V2,2026-06-06
IOB,Indian Overseas Bank,BANKING,AUTO_V2,2026-06-06
IOC,Indian Oil Corporation Limited,OIL_GAS,AUTO_V2,2026-06-06
IOLCP,IOL Chemicals and Pharmaceuticals Limited,PHARMA,AUTO_V2,2026-06-06
IPCALAB,IPCA Laboratories Limited,PHARMA,AUTO_V2,2026-06-06
IPL,India Pesticides Limited,SPECIALTY_CHEMICALS,AUTO_V2,2026-06-06
IRCON,Ircon International Limited,RAILWAY,AUTO_V2,2026-06-06
IRCTC,Indian Railway Catering And Tourism Corporation Limited,RAILWAY,AUTO_V2,2026-06-06
IREDA,Indian Renewable Energy Development Agency Limited,RENEWABLE_ENERGY,AUTO_V2,2026-06-06
IRFC,Indian Railway Finance Corporation Limited,RAILWAY,AUTO_V2,2026-06-06
IRMENERGY,IRM Energy Limited,POWER,AUTO_V2,2026-06-06
ISFT,Intrasoft Technologies Limited,IT,AUTO_V2,2026-06-06
ISGEC,Isgec Heavy Engineering Limited,CAPITAL_GOODS,AUTO_V2,2026-06-06
ISHANCH,Ishan Dyes and Chemicals Limited,CHEMICALS,AUTO_V2,2026-06-06
ITCHOTELS,ITC Hotels Limited,HOSPITALITY,AUTO_V2,2026-06-06
J&KBANK,The Jammu & Kashmir Bank Limited,BANKING,AUTO_V2,2026-06-06
JAGSNPHARM,Jagsonpal Pharmaceuticals Limited,PHARMA,AUTO_V2,2026-06-06
JAMNAAUTO,Jamna Auto Industries Limited,INDUSTRIAL_MANUFACTURING,AUTO_V2,2026-06-06
JASH,Jash Engineering Limited,CAPITAL_GOODS,AUTO_V2,2026-06-06
JAYAGROGN,Jayant Agro Organics Limited,CHEMICALS,AUTO_V2,2026-06-06
JAYNECOIND,Jayaswal Neco Industries Limited,INDUSTRIAL_MANUFACTURING,AUTO_V2,2026-06-06
JAYSREETEA,Jayshree Tea & Industries Limited,INDUSTRIAL_MANUFACTURING,AUTO_V2,2026-06-06
JBCHEPHARM,JB Chemicals & Pharmaceuticals Limited,PHARMA,AUTO_V2,2026-06-06
JETFREIGHT,Jet Freight Logistics Limited,LOGISTICS,AUTO_V2,2026-06-06
JGCHEM,J.G.Chemicals Limited,CHEMICALS,AUTO_V2,2026-06-06
JHS,JHS Svendgaard Laboratories Limited,PHARMA,AUTO_V2,2026-06-06
JINDALSTEL,JINDAL STEEL LIMITED,METALS,AUTO_V2,2026-06-06
JINDRILL,Jindal Drilling And Industries Limited,INDUSTRIAL_MANUFACTURING,AUTO_V2,2026-06-06
JIOFIN,Jio Financial Services Limited,FINANCIAL_SERVICES,AUTO_V2,2026-06-06
JITFINFRA,JITF Infralogistics Limited,LOGISTICS,AUTO_V2,2026-06-06
JKCEMENT,JK Cement Limited,CEMENT,AUTO_V2,2026-06-06
JKLAKSHMI,JK Lakshmi Cement Limited,CEMENT,AUTO_V2,2026-06-06
JKTYRE,JK Tyre & Industries Limited,INDUSTRIAL_MANUFACTURING,AUTO_V2,2026-06-06
JLHL,Jupiter Life Line Hospitals Limited,HEALTHCARE,AUTO_V2,2026-06-06
JSFB,Jana Small Finance Bank Limited,BANKING,AUTO_V2,2026-06-06
JSL,Jindal Stainless Limited,METALS,AUTO_V2,2026-06-06
JSWCEMENT,JSW Cement Limited,CEMENT,AUTO_V2,2026-06-06
JSWENERGY,JSW Energy Limited,POWER,AUTO_V2,2026-06-06
JSWINFRA,JSW Infrastructure Limited,INFRASTRUCTURE,AUTO_V2,2026-06-06
JSWSTEEL,JSW Steel Limited,METALS,AUTO_V2,2026-06-06
JTLIND,JTL INDUSTRIES LIMITED,INDUSTRIAL_MANUFACTURING,AUTO_V2,2026-06-06
JUNIPER,Juniper Hotels Limited,HOSPITALITY,AUTO_V2,2026-06-06
KANANIIND,Kanani Industries Limited,INDUSTRIAL_MANUFACTURING,AUTO_V2,2026-06-06
KARMAENG,Karma Energy Limited,POWER,AUTO_V2,2026-06-06
KARURVYSYA,Karur Vysya Bank Limited,BANKING,AUTO_V2,2026-06-06
KAVDEFENCE,Kavveri Defence & Wireless Technologies Limited,IT,AUTO_V2,2026-06-06
KEI,KEI Industries Limited,ELECTRICAL_EQUIPMENT,AUTO_V2,2026-06-06
KELLTONTEC,Kellton Tech Solutions Limited,IT,AUTO_V2,2026-06-06
KERNEX,Kernex Microsystems (India) Limited,RAILWAY,AUTO_V2,2026-06-06
KEYFINSERV,Keynote Financial Services Limited,FINANCIAL_SERVICES,AUTO_V2,2026-06-06
KFINTECH,Kfin Technologies Limited,IT,AUTO_V2,2026-06-06
KHANDSE,Khandwala Securities Limited,FINANCIAL_SERVICES,AUTO_V2,2026-06-06
KIRIINDUS,Kiri Industries Limited,CHEMICALS,AUTO_V2,2026-06-06
KIRLFER,Kirloskar Ferrous Industries Limited,INDUSTRIAL_MANUFACTURING,AUTO_V2,2026-06-06
KIRLOSIND,Kirloskar Industries Limited,INDUSTRIAL_MANUFACTURING,AUTO_V2,2026-06-06
KLBRENG-B,Kilburn Engineering Limited,CAPITAL_GOODS,AUTO_V2,2026-06-06
KNRCON,KNR Constructions Limited,CONSTRUCTION,AUTO_V2,2026-06-06
KOHINOOR,Kohinoor Foods Limited,FMCG,AUTO_V2,2026-06-06
KOTAKBANK,Kotak Mahindra Bank Limited,BANKING,AUTO_V2,2026-06-06
KOTARISUG,Kothari Sugars And Chemicals Limited,CHEMICALS,AUTO_V2,2026-06-06
KOTHARIPET,Kothari Petrochemicals Limited,CHEMICALS,AUTO_V2,2026-06-06
KOTYARK,Kotyark Industries Limited,INDUSTRIAL_MANUFACTURING,AUTO_V2,2026-06-06
KPEL,K.P. Energy Limited,POWER,AUTO_V2,2026-06-06
KPIGREEN,KPI Green Energy Limited,RENEWABLE_ENERGY,AUTO_V2,2026-06-06
KPITTECH,KPIT Technologies Limited,IT,AUTO_V2,2026-06-06
KPL,Kwality Pharmaceuticals Limited,PHARMA,AUTO_V2,2026-06-06
KREBSBIO,Krebs Biochemicals and Industries Limited,INDUSTRIAL_MANUFACTURING,AUTO_V2,2026-06-06
KRISHIVAL,Krishival Foods Limited,FMCG,AUTO_V2,2026-06-06
KRISHNADEF,Krishna Defence And Allied Industries Limited,DEFENCE,AUTO_V2,2026-06-06
KRITIKA,Kritika Wires Limited,ELECTRICAL_EQUIPMENT,AUTO_V2,2026-06-06
KRSNAA,Krsnaa Diagnostics Limited,DIAGNOSTICS,AUTO_V2,2026-06-06
KSCL,Kaveri Seed Company Limited,AGRI,AUTO_V2,2026-06-06
KSL,Kalyani Steels Limited,CONSUMER_DURABLES,AUTO_V2,2026-06-06
KTKBANK,The Karnataka Bank Limited,BANKING,AUTO_V2,2026-06-06
LAURUSLABS,Laurus Labs Limited,PHARMA,AUTO_V2,2026-06-06
LEMONTREE,Lemon Tree Hotels Limited,HOSPITALITY,AUTO_V2,2026-06-06
LICHSGFIN,LIC Housing Finance Limited,NBFC,AUTO_V2,2026-06-06
LICI,Life Insurance Corporation Of India,INSURANCE,AUTO_V2,2026-06-06
LINCOLN,Lincoln Pharmaceuticals Limited,PHARMA,AUTO_V2,2026-06-06
LLOYDSME,Lloyds Metals And Energy Limited,POWER,AUTO_V2,2026-06-06
LODHA,Lodha Developers Limited,REALTY,AUTO_V2,2026-06-06
LOTUSDEV,Sri Lotus Developers and Realty Limited,REALTY,AUTO_V2,2026-06-06
LT,Larsen & Toubro Limited,CONSTRUCTION,AUTO_V2,2026-06-06
LTFOODS,LT Foods Limited,FMCG,AUTO_V2,2026-06-06
LUMAXIND,Lumax Industries Limited,INDUSTRIAL_MANUFACTURING,AUTO_V2,2026-06-06
LUMAXTECH,Lumax Auto Technologies Limited,IT,AUTO_V2,2026-06-06
LUXIND,Lux Industries Limited,INDUSTRIAL_MANUFACTURING,AUTO_V2,2026-06-06
LXCHEM,Laxmi Organic Industries Limited,SPECIALTY_CHEMICALS,AUTO_V2,2026-06-06
M&M,Mahindra & Mahindra Limited,AUTO,AUTO_V2,2026-06-06
M&MFIN,Mahindra & Mahindra Financial Services Limited,FINANCIAL_SERVICES,AUTO_V2,2026-06-06
MAANALU,Maan Aluminium Limited,METALS,AUTO_V2,2026-06-06
MADRASFERT,Madras Fertilizers Limited,FERTILIZERS,AUTO_V2,2026-06-06
MAFATIND,Mafatlal Industries Limited,INDUSTRIAL_MANUFACTURING,AUTO_V2,2026-06-06
MAGADSUGAR,Magadh Sugar & Energy Limited,POWER,AUTO_V2,2026-06-06
MAHABANK,Bank of Maharashtra,BANKING,AUTO_V2,2026-06-06
MAHESHWARI,Maheshwari Logistics Limited,LOGISTICS,AUTO_V2,2026-06-06
MAHLIFE,Mahindra Lifespace Developers Limited,REALTY,AUTO_V2,2026-06-06
MAHLOG,Mahindra Logistics Limited,LOGISTICS,AUTO_V2,2026-06-06
MAMATA,Mamata Machinery Limited,CAPITAL_GOODS,AUTO_V2,2026-06-06
MANAKCOAT,Manaksia Coated Metals & Industries Limited,INDUSTRIAL_MANUFACTURING,AUTO_V2,2026-06-06
MANALIPETC,Manali Petrochemicals Limited,CHEMICALS,AUTO_V2,2026-06-06
MANAPPURAM,Manappuram Finance Limited,NBFC,AUTO_V2,2026-06-06
MANGLMCEM,Mangalam Cement Limited,CEMENT,AUTO_V2,2026-06-06
MANINFRA,Man Infraconstruction Limited,CONSTRUCTION,AUTO_V2,2026-06-06
MANKIND,Mankind Pharma Limited,PHARMA,AUTO_V2,2026-06-06
MANORAMA,Manorama Industries Limited,INDUSTRIAL_MANUFACTURING,AUTO_V2,2026-06-06
MANYAVAR,Vedant Fashions Limited,RETAIL,AUTO_V2,2026-06-06
MARATHON,Marathon Nextgen Realty Limited,REALTY,AUTO_V2,2026-06-06
MARKOLINES,Markolines Pavement Technologies Limited,IT,AUTO_V2,2026-06-06
MARKSANS,Marksans Pharma Limited,PHARMA,AUTO_V2,2026-06-06
MARUTI,Maruti Suzuki India Limited,AUTO,AUTO_V2,2026-06-06
MASFIN,MAS Financial Services Limited,FINANCIAL_SERVICES,AUTO_V2,2026-06-06
MASTEK,Mastek Limited,IT,AUTO_V2,2026-06-06
MAXHEALTH,Max Healthcare Institute Limited,HEALTHCARE,AUTO_V2,2026-06-06
MAZDOCK,Mazagon Dock Shipbuilders Limited,DEFENCE,AUTO_V2,2026-06-06
MBEL,M & B Engineering Limited,CAPITAL_GOODS,AUTO_V2,2026-06-06
MBLINFRA,MBL Infrastructure Limited,INFRASTRUCTURE,AUTO_V2,2026-06-06
MCL,Madhav Copper Limited,METALS,AUTO_V2,2026-06-06
MEDANTA,Global Health Limited,HEALTHCARE,AUTO_V2,2026-06-06
MEGASTAR,Megastar Foods Limited,FMCG,AUTO_V2,2026-06-06
MENONBE,Menon Bearings Limited,INDUSTRIAL_PRODUCTS,AUTO_V2,2026-06-06
METROPOLIS,Metropolis Healthcare Limited,DIAGNOSTICS,AUTO_V2,2026-06-06
MFSL,Max Financial Services Limited,FINANCIAL_SERVICES,AUTO_V2,2026-06-06
MGL,Mahanagar Gas Limited,OIL_GAS,AUTO_V2,2026-06-06
MHRIL,Mahindra Holidays & Resorts India Limited,HOSPITALITY,AUTO_V2,2026-06-06
MINDACORP,Minda Corporation Limited,AUTO_ANCILLARY,AUTO_V2,2026-06-06
MMP,MMP Industries Limited,INDUSTRIAL_MANUFACTURING,AUTO_V2,2026-06-06
MOHITIND,Mohit Industries Limited,INDUSTRIAL_MANUFACTURING,AUTO_V2,2026-06-06
MOL,Meghmani Organics Limited,CHEMICALS,AUTO_V2,2026-06-06
MOLDTECH,Mold-Tek Technologies Limited,IT,AUTO_V2,2026-06-06
MOREPENLAB,Morepen Laboratories Limited,PHARMA,AUTO_V2,2026-06-06
MOSCHIP,Moschip Technologies Limited,IT,AUTO_V2,2026-06-06
MOTHERSON,Samvardhana Motherson International Limited,AUTO_ANCILLARY,AUTO_V2,2026-06-06
MOTILALOFS,Motilal Oswal Financial Services Limited,FINANCIAL_SERVICES,AUTO_V2,2026-06-06
MPHASIS,MphasiS Limited,IT,AUTO_V2,2026-06-06
MRPL,Mangalore Refinery and Petrochemicals Limited,CHEMICALS,AUTO_V2,2026-06-06
MSPL,MSP Steel & Power Limited,POWER,AUTO_V2,2026-06-06
MTARTECH,Mtar Technologies Limited,IT,AUTO_V2,2026-06-06
MUNJALAU,Munjal Auto Industries Limited,INDUSTRIAL_MANUFACTURING,AUTO_V2,2026-06-06
MUTHOOTFIN,Muthoot Finance Limited,NBFC,AUTO_V2,2026-06-06
NACLIND,NACL Industries Limited,INDUSTRIAL_MANUFACTURING,AUTO_V2,2026-06-06
NAHARCAP,Nahar Capital and Financial Services Limited,FINANCIAL_SERVICES,AUTO_V2,2026-06-06
NAM-INDIA,Nippon Life India Asset Management Limited,AMC_WEALTH,AUTO_V2,2026-06-06
NATCOPHARM,Natco Pharma Limited,PHARMA,AUTO_V2,2026-06-06
NATIONALUM,National Aluminium Company Limited,METALS,AUTO_V2,2026-06-06
NAVINFLUOR,Navin Fluorine International Limited,SPECIALTY_CHEMICALS,AUTO_V2,2026-06-06
NAZARA,Nazara Technologies Limited,IT,AUTO_V2,2026-06-06
NCLIND,NCL Industries Limited,INDUSTRIAL_MANUFACTURING,AUTO_V2,2026-06-06
NDRAUTO,Ndr Auto Components Limited,AUTO_ANCILLARY,AUTO_V2,2026-06-06
NEAGI,Neelamalai Agro Industries Limited,INDUSTRIAL_MANUFACTURING,AUTO_V2,2026-06-06
NEOGEN,Neogen Chemicals Limited,CHEMICALS,AUTO_V2,2026-06-06
NEPHROPLUS,Nephrocare Health Services Limited,INSURANCE,AUTO_V2,2026-06-06
NESTLEIND,Nestle India Limited,FMCG,AUTO_V2,2026-06-06
NEULANDLAB,Neuland Laboratories Limited,PHARMA,AUTO_V2,2026-06-06
NEWGEN,Newgen Software Technologies Limited,IT,AUTO_V2,2026-06-06
NFL,National Fertilizers Limited,FERTILIZERS,AUTO_V2,2026-06-06
NH,Narayana Hrudayalaya Ltd.,HEALTHCARE,AUTO_V2,2026-06-06
NIACL,The New India Assurance Company Limited,INSURANCE,AUTO_V2,2026-06-06
NIBL,NRB Industrial Bearings Limited,INDUSTRIAL_PRODUCTS,AUTO_V2,2026-06-06
NIRAJISPAT,Niraj Ispat Industries Limited,INDUSTRIAL_MANUFACTURING,AUTO_V2,2026-06-06
NITIRAJ,Nitiraj Engineers Limited,CAPITAL_GOODS,AUTO_V2,2026-06-06
NIVABUPA,Niva Bupa Health Insurance Company Limited,INSURANCE,AUTO_V2,2026-06-06
NKIND,NK Industries Limited,INDUSTRIAL_MANUFACTURING,AUTO_V2,2026-06-06
NPST,Network People Services Technologies Limited,IT,AUTO_V2,2026-06-06
NRAIL,N R Agarwal Industries Limited,INDUSTRIAL_MANUFACTURING,AUTO_V2,2026-06-06
NSLNISP,NMDC Steel Limited,METALS,AUTO_V2,2026-06-06
NTPCGREEN,NTPC Green Energy Limited,RENEWABLE_ENERGY,AUTO_V2,2026-06-06
NUVAMA,Nuvama Wealth Management Limited,AMC_WEALTH,AUTO_V2,2026-06-06
NUVOCO,Nuvoco Vistas Corporation Limited,CEMENT,AUTO_V2,2026-06-06
NYKAA,FSN E-Commerce Ventures Limited,RETAIL,AUTO_V2,2026-06-06
OBEROIRLTY,Oberoi Realty Limited,REALTY,AUTO_V2,2026-06-06
OFSS,Oracle Financial Services Software Limited,FINANCIAL_SERVICES,AUTO_V2,2026-06-06
OMINFRAL,OM INFRA LIMITED,INFRASTRUCTURE,AUTO_V2,2026-06-06
OMNI,Omnitech Engineering Limited,CAPITAL_GOODS,AUTO_V2,2026-06-06
ONESOURCE,Onesource Specialty Pharma Limited,PHARMA,AUTO_V2,2026-06-06
ONGC,Oil & Natural Gas Corporation Limited,OIL_GAS,AUTO_V2,2026-06-06
ONWARDTEC,Onward Technologies Limited,IT,AUTO_V2,2026-06-06
ORCHPHARMA,Orchid Pharma Limited,PHARMA,AUTO_V2,2026-06-06
ORIENTCEM,Orient Cement Limited,CEMENT,AUTO_V2,2026-06-06
ORIENTELEC,Orient Electric Limited,CONSUMER_DURABLES,AUTO_V2,2026-06-06
ORIENTHOT,Oriental Hotels Limited,HOSPITALITY,AUTO_V2,2026-06-06
ORIENTPPR,Orient Paper & Industries Limited,INDUSTRIAL_MANUFACTURING,AUTO_V2,2026-06-06
ORIENTTECH,Orient Technologies Limited,IT,AUTO_V2,2026-06-06
OSWALPUMPS,Oswal Pumps Limited,INDUSTRIAL_PRODUCTS,AUTO_V2,2026-06-06
OSWALSEEDS,ShreeOswal Seeds And Chemicals Limited,CHEMICALS,AUTO_V2,2026-06-06
PAGEIND,Page Industries Limited,INDUSTRIAL_MANUFACTURING,AUTO_V2,2026-06-06
PALASHSECU,Palash Securities Limited,FINANCIAL_SERVICES,AUTO_V2,2026-06-06
PAR,Par Drugs And Chemicals Limited,CHEMICALS,AUTO_V2,2026-06-06
PARAGMILK,Parag Milk Foods Limited,FMCG,AUTO_V2,2026-06-06
PARAS,Paras Defence and Space Technologies Limited,IT,AUTO_V2,2026-06-06
PARKHOTELS,Apeejay Surrendra Park Hotels Limited,HOSPITALITY,AUTO_V2,2026-06-06
PATANJALI,Patanjali Foods Limited,FMCG,AUTO_V2,2026-06-06
PATELENG,Patel Engineering Limited,CAPITAL_GOODS,AUTO_V2,2026-06-06
PATELRMART,Patel Retail Limited,RETAIL,AUTO_V2,2026-06-06
PATINTLOG,Patel Integrated Logistics Limited,LOGISTICS,AUTO_V2,2026-06-06
PENIND,Pennar Industries Limited,INDUSTRIAL_MANUFACTURING,AUTO_V2,2026-06-06
PERSISTENT,Persistent Systems Limited,IT,AUTO_V2,2026-06-06
PETRONET,Petronet LNG Limited,OIL_GAS,AUTO_V2,2026-06-06
PFS,PTC India Financial Services Limited,FINANCIAL_SERVICES,AUTO_V2,2026-06-06
PGEL,PG Electroplast Limited,CONSUMER_DURABLES,AUTO_V2,2026-06-06
PGHH,Procter & Gamble Hygiene and Health Care Limited,HEALTHCARE,AUTO_V2,2026-06-06
PGIL,Pearl Global Industries Limited,INDUSTRIAL_MANUFACTURING,AUTO_V2,2026-06-06
PICCADIL,Piccadily Agro Industries Limited,INDUSTRIAL_MANUFACTURING,AUTO_V2,2026-06-06
PIDILITIND,Pidilite Industries Limited,INDUSTRIAL_MANUFACTURING,AUTO_V2,2026-06-06
PIIND,PI Industries Limited,SPECIALTY_CHEMICALS,AUTO_V2,2026-06-06
PIRAMALFIN,Piramal Finance Limited,NBFC,AUTO_V2,2026-06-06
PITTIENG,Pitti Engineering Limited,CAPITAL_GOODS,AUTO_V2,2026-06-06
PLATIND,Platinum Industries Limited,INDUSTRIAL_MANUFACTURING,AUTO_V2,2026-06-06
PNB,Punjab National Bank,BANKING,AUTO_V2,2026-06-06
PNBHOUSING,PNB Housing Finance Limited,NBFC,AUTO_V2,2026-06-06
PNCINFRA,PNC Infratech Limited,CONSTRUCTION,AUTO_V2,2026-06-06
POCL,Pondy Oxides & Chemicals Limited,CHEMICALS,AUTO_V2,2026-06-06
POLYCAB,Polycab India Limited,ELECTRICAL_EQUIPMENT,AUTO_V2,2026-06-06
POWERGRID,Power Grid Corporation of India Limited,POWER,AUTO_V2,2026-06-06
PPAP,PPAP Automotive Limited,AUTO,AUTO_V2,2026-06-06
PPLPHARMA,Piramal Pharma Limited,PHARMA,AUTO_V2,2026-06-06
PRABHA,Prabha Energy Limited,POWER,AUTO_V2,2026-06-06
PRAJIND,Praj Industries Limited,INDUSTRIAL_MANUFACTURING,AUTO_V2,2026-06-06
PRAKASH,Prakash Industries Limited,INDUSTRIAL_MANUFACTURING,AUTO_V2,2026-06-06
PREMEXPLN,Premier Explosives Limited,DEFENCE,AUTO_V2,2026-06-06
PREMIERENE,Premier Energies Limited,RENEWABLE_ENERGY,AUTO_V2,2026-06-06
PRESTIGE,Prestige Estates Projects Limited,REALTY,AUTO_V2,2026-06-06
PRIMESECU,Prime Securities Limited,FINANCIAL_SERVICES,AUTO_V2,2026-06-06
PRIMO,Primo Chemicals Limited,CHEMICALS,AUTO_V2,2026-06-06
PRITIKAUTO,Pritika Auto Industries Limited,INDUSTRIAL_MANUFACTURING,AUTO_V2,2026-06-06
PRIVISCL,Privi Speciality Chemicals Limited,SPECIALTY_CHEMICALS,AUTO_V2,2026-06-06
PROTEAN,Protean eGov Technologies Limited,IT,AUTO_V2,2026-06-06
PROZONER,Prozone Realty Limited,REALTY,AUTO_V2,2026-06-06
PSB,Punjab & Sind Bank,BANKING,AUTO_V2,2026-06-06
PTC,PTC India Limited,POWER,AUTO_V2,2026-06-06
PTCIL,PTC Industries Limited,INDUSTRIAL_MANUFACTURING,AUTO_V2,2026-06-06
RADICO,Radico Khaitan Limited,FMCG,AUTO_V2,2026-06-06
RAILTEL,Railtel Corporation Of India Limited,TELECOM,AUTO_V2,2026-06-06
RAIN,Rain Industries Limited,INDUSTRIAL_MANUFACTURING,AUTO_V2,2026-06-06
RAJOOENG,Rajoo Engineers Limited,CAPITAL_GOODS,AUTO_V2,2026-06-06
RAJSREESUG,Rajshree Sugars & Chemicals Limited,CHEMICALS,AUTO_V2,2026-06-06
RALLIS,Rallis India Limited,AGRI,AUTO_V2,2026-06-06
RAMCOCEM,The Ramco Cements Limited,CEMENT,AUTO_V2,2026-06-06
RAMCOIND,Ramco Industries Limited,INDUSTRIAL_MANUFACTURING,AUTO_V2,2026-06-06
RAMKY,Ramky Infrastructure Limited,INFRASTRUCTURE,AUTO_V2,2026-06-06
RAMRAT,Ram Ratna Wires Limited,ELECTRICAL_EQUIPMENT,AUTO_V2,2026-06-06
RATEGAIN,Rategain Travel Technologies Limited,IT,AUTO_V2,2026-06-06
RATNAMANI,Ratnamani Metals & Tubes Limited,METALS,AUTO_V2,2026-06-06
RATNAVEER,Ratnaveer Precision Engineering Limited,CAPITAL_GOODS,AUTO_V2,2026-06-06
RAYMONDREL,Raymond Realty Limited,REALTY,AUTO_V2,2026-06-06
RBLBANK,RBL Bank Limited,BANKING,AUTO_V2,2026-06-06
RCF,Rashtriya Chemicals and Fertilizers Limited,FERTILIZERS,AUTO_V2,2026-06-06
REFEX,Refex Industries Limited,INDUSTRIAL_MANUFACTURING,AUTO_V2,2026-06-06
RELCHEMQ,Reliance Chemotex Industries Limited,INDUSTRIAL_MANUFACTURING,AUTO_V2,2026-06-06
RELIANCE,Reliance Industries Limited,OIL_GAS,AUTO_V2,2026-06-06
RELTD,Ravindra Energy Limited,POWER,AUTO_V2,2026-06-06
REMSONSIND,Remsons Industries Limited,INDUSTRIAL_MANUFACTURING,AUTO_V2,2026-06-06
REPCOHOME,Repco Home Finance Limited,NBFC,AUTO_V2,2026-06-06
RESPONIND,Responsive Industries Limited,INDUSTRIAL_MANUFACTURING,AUTO_V2,2026-06-06
RHL,Robust Hotels Limited,HOSPITALITY,AUTO_V2,2026-06-06
RICOAUTO,Rico Auto Industries Limited,INDUSTRIAL_MANUFACTURING,AUTO_V2,2026-06-06
RIIL,Reliance Industrial Infrastructure Limited,INFRASTRUCTURE,AUTO_V2,2026-06-06
RITCO,Ritco Logistics Limited,LOGISTICS,AUTO_V2,2026-06-06
ROHLTD,Royal Orchid Hotels Limited,HOSPITALITY,AUTO_V2,2026-06-06
ROSSARI,Rossari Biotech Limited,SPECIALTY_CHEMICALS,AUTO_V2,2026-06-06
ROTO,Roto Pumps Limited,INDUSTRIAL_PRODUCTS,AUTO_V2,2026-06-06
ROUTE,ROUTE MOBILE LIMITED,TELECOM,AUTO_V2,2026-06-06
RPOWER,Reliance Power Limited,POWER,AUTO_V2,2026-06-06
RTNPOWER,RattanIndia Power Limited,POWER,AUTO_V2,2026-06-06
RUCHINFRA,Ruchi Infrastructure Limited,INFRASTRUCTURE,AUTO_V2,2026-06-06
RVNL,Rail Vikas Nigam Limited,RAILWAY,AUTO_V2,2026-06-06
SAATVIKGL,Saatvik Green Energy Limited,RENEWABLE_ENERGY,AUTO_V2,2026-06-06
SADBHAV,Sadbhav Engineering Limited,CAPITAL_GOODS,AUTO_V2,2026-06-06
SAHYADRI,Sahyadri Industries Limited,INDUSTRIAL_MANUFACTURING,AUTO_V2,2026-06-06
SAIL,Steel Authority of India Limited,METALS,AUTO_V2,2026-06-06
SAKAR,Sakar Healthcare Limited,HEALTHCARE,AUTO_V2,2026-06-06
SALASAR,Salasar Techno Engineering Limited,CAPITAL_GOODS,AUTO_V2,2026-06-06
SAMHI,Samhi Hotels Limited,HOSPITALITY,AUTO_V2,2026-06-06
SANDHAR,Sandhar Technologies Limited,IT,AUTO_V2,2026-06-06
SANSERA,Sansera Engineering Limited,CAPITAL_GOODS,AUTO_V2,2026-06-06
SAPPHIRE,Sapphire Foods India Limited,RETAIL,AUTO_V2,2026-06-06
SASKEN,Sasken Technologies Limited,IT,AUTO_V2,2026-06-06
SATIA,Satia Industries Limited,INDUSTRIAL_MANUFACTURING,AUTO_V2,2026-06-06
SAURASHCEM,Saurashtra Cement Limited,CEMENT,AUTO_V2,2026-06-06
SAYAJIHOTL,Sayaji Hotels Limited,HOSPITALITY,AUTO_V2,2026-06-06
SBILIFE,SBI Life Insurance Company Limited,INSURANCE,AUTO_V2,2026-06-06
SBIN,State Bank of India,BANKING,AUTO_V2,2026-06-06
SCHAEFFLER,Schaeffler India Limited,INDUSTRIAL_PRODUCTS,AUTO_V2,2026-06-06
SCHNEIDER,Schneider Electric Infrastructure Limited,INFRASTRUCTURE,AUTO_V2,2026-06-06
SECURKLOUD,SECUREKLOUD TECHNOLOGIES LIMITED,IT,AUTO_V2,2026-06-06
SENORES,Senores Pharmaceuticals Limited,PHARMA,AUTO_V2,2026-06-06
SERVOTECH,Servotech Renewable Power System Limited,RENEWABLE_ENERGY,AUTO_V2,2026-06-06
SGIL,Synergy Green Industries Limited,INDUSTRIAL_MANUFACTURING,AUTO_V2,2026-06-06
SHADOWFAX,Shadowfax Technologies Limited,IT,AUTO_V2,2026-06-06
SHANTIGEAR,Shanthi Gears Limited,INDUSTRIAL_PRODUCTS,AUTO_V2,2026-06-06
SHARDAMOTR,Sharda Motor Industries Limited,INDUSTRIAL_MANUFACTURING,AUTO_V2,2026-06-06
SHARDUL,Shardul Securities Limited,FINANCIAL_SERVICES,AUTO_V2,2026-06-06
SHAREINDIA,Share India Securities Limited,FINANCIAL_SERVICES,AUTO_V2,2026-06-06
SHILCTECH,Shilchar Technologies Limited,IT,AUTO_V2,2026-06-06
SHINDL,Sharat Industries Limited,INDUSTRIAL_MANUFACTURING,AUTO_V2,2026-06-06
SHOPERSTOP,Shoppers Stop Limited,RETAIL,AUTO_V2,2026-06-06
SHRADHA,Shradha Realty Limited,REALTY,AUTO_V2,2026-06-06
SHREECEM,SHREE CEMENT LIMITED,CEMENT,AUTO_V2,2026-06-06
SHREEPUSHK,Shree Pushkar Chemicals & Fertilisers Limited,FERTILIZERS,AUTO_V2,2026-06-06
SHREYANIND,Shreyans Industries Limited,INDUSTRIAL_MANUFACTURING,AUTO_V2,2026-06-06
SHRIRAMPPS,Shriram Properties Limited,REALTY,AUTO_V2,2026-06-06
SHYAMMETL,Shyam Metalics and Energy Limited,POWER,AUTO_V2,2026-06-06
SIGIND,Signet Industries Limited,INDUSTRIAL_MANUFACTURING,AUTO_V2,2026-06-06
SIKKO,Sikko Industries Limited,INDUSTRIAL_MANUFACTURING,AUTO_V2,2026-06-06
SIL,Standard Industries Limited,INDUSTRIAL_MANUFACTURING,AUTO_V2,2026-06-06
SILGO,Silgo Retail Limited,RETAIL,AUTO_V2,2026-06-06
SILVERTUC,Silver Touch Technologies Limited,IT,AUTO_V2,2026-06-06
SINCLAIR,Sinclairs Hotels Limited,HOSPITALITY,AUTO_V2,2026-06-06
SKFINDIA,SKF India Limited,CAPITAL_GOODS,AUTO_V2,2026-06-06
SKFINDUS,SKF India (Industrial) Limited,CAPITAL_GOODS,AUTO_V2,2026-06-06
SMCGLOBAL,SMC Global Securities Limited,FINANCIAL_SERVICES,AUTO_V2,2026-06-06
SMSPHARMA,SMS Pharmaceuticals Limited,PHARMA,AUTO_V2,2026-06-06
SNOWMAN,Snowman Logistics Limited,LOGISTICS,AUTO_V2,2026-06-06
SOLARINDS,Solar Industries India Limited,DEFENCE,AUTO_V2,2026-06-06
SOLEX,Solex Energy Limited,POWER,AUTO_V2,2026-06-06
SOMATEX,Soma Textiles & Industries Limited,INDUSTRIAL_MANUFACTURING,AUTO_V2,2026-06-06
SONACOMS,Sona BLW Precision Forgings Limited,AUTO_ANCILLARY,AUTO_V2,2026-06-06
SONATSOFTW,Sonata Software Limited,IT,AUTO_V2,2026-06-06
SOTL,Savita Oil Technologies Limited,IT,AUTO_V2,2026-06-06
SOUTHBANK,The South Indian Bank Limited,BANKING,AUTO_V2,2026-06-06
SPARC,Sun Pharma Advanced Research Company Limited,PHARMA,AUTO_V2,2026-06-06
SPECTRUM,Spectrum Electrical Industries Limited,INDUSTRIAL_MANUFACTURING,AUTO_V2,2026-06-06
SPENCERS,Spencer's Retail Limited,RETAIL,AUTO_V2,2026-06-06
SPLIL,SPL Industries Limited,INDUSTRIAL_MANUFACTURING,AUTO_V2,2026-06-06
SPMLINFRA,SPML Infra Limited,INFRASTRUCTURE,AUTO_V2,2026-06-06
SRGHFL,SRG Housing Finance Limited,NBFC,AUTO_V2,2026-06-06
SRM,SRM Contractors Limited,AUTO,AUTO_V2,2026-06-06
STALLION,Stallion India Fluorochemicals Limited,CHEMICALS,AUTO_V2,2026-06-06
STAR,Strides Pharma Science Limited,PHARMA,AUTO_V2,2026-06-06
STARCEMENT,Star Cement Limited,CEMENT,AUTO_V2,2026-06-06
STARHEALTH,Star Health and Allied Insurance Company Limited,INSURANCE,AUTO_V2,2026-06-06
STEELCITY,Steel City Securities Limited,FINANCIAL_SERVICES,AUTO_V2,2026-06-06
STYL,Seshaasai Technologies Limited,IT,AUTO_V2,2026-06-06
STYLAMIND,Stylam Industries Limited,INDUSTRIAL_MANUFACTURING,AUTO_V2,2026-06-06
SUDARSCHEM,Sudarshan Chemical Industries Limited,CHEMICALS,AUTO_V2,2026-06-06
SUDEEPPHRM,Sudeep Pharma Limited,PHARMA,AUTO_V2,2026-06-06
SUKHJITS,Sukhjit Starch & Chemicals Limited,CHEMICALS,AUTO_V2,2026-06-06
SUMEETINDS,Sumeet Industries Limited,INDUSTRIAL_MANUFACTURING,AUTO_V2,2026-06-06
SUMMITSEC,Summit Securities Limited,FINANCIAL_SERVICES,AUTO_V2,2026-06-06
SUNDRMFAST,Sundram Fasteners Limited,INDUSTRIAL_PRODUCTS,AUTO_V2,2026-06-06
SUNPHARMA,Sun Pharmaceutical Industries Limited,PHARMA,AUTO_V2,2026-06-06
SUNTECK,Sunteck Realty Limited,REALTY,AUTO_V2,2026-06-06
SUPRAJIT,Suprajit Engineering Limited,CAPITAL_GOODS,AUTO_V2,2026-06-06
SUPREMEIND,Supreme Industries Limited,INDUSTRIAL_MANUFACTURING,AUTO_V2,2026-06-06
SURAKSHA,Suraksha Diagnostic Limited,DIAGNOSTICS,AUTO_V2,2026-06-06
SURANASOL,Surana Solar Limited,RENEWABLE_ENERGY,AUTO_V2,2026-06-06
SURANAT&P,Surana Telecom and Power Limited,TELECOM,AUTO_V2,2026-06-06
SURYODAY,Suryoday Small Finance Bank Limited,BANKING,AUTO_V2,2026-06-06
SUTLEJTEX,Sutlej Textiles and Industries Limited,INDUSTRIAL_MANUFACTURING,AUTO_V2,2026-06-06
SUZLON,Suzlon Energy Limited,POWER,AUTO_V2,2026-06-06
SVLL,Shree Vasu Logistics Limited,LOGISTICS,AUTO_V2,2026-06-06
SWSOLAR,Sterling and Wilson Renewable Energy Limited,RENEWABLE_ENERGY,AUTO_V2,2026-06-06
SYNGENE,Syngene International Limited,PHARMA,AUTO_V2,2026-06-06
TAMBOLIIN,Tamboli Industries Limited,INDUSTRIAL_MANUFACTURING,AUTO_V2,2026-06-06
TANLA,Tanla Platforms Limited,TELECOM,AUTO_V2,2026-06-06
TATACAP,Tata Capital Limited,NBFC,AUTO_V2,2026-06-06
TATACHEM,Tata Chemicals Limited,CHEMICALS,AUTO_V2,2026-06-06
TATACOMM,Tata Communications Limited,TELECOM,AUTO_V2,2026-06-06
TATACONSUM,TATA CONSUMER PRODUCTS LIMITED,FMCG,AUTO_V2,2026-06-06
TATAELXSI,Tata Elxsi Limited,IT,AUTO_V2,2026-06-06
TATAPOWER,Tata Power Company Limited,POWER,AUTO_V2,2026-06-06
TATASTEEL,Tata Steel Limited,METALS,AUTO_V2,2026-06-06
TATATECH,Tata Technologies Limited,IT,AUTO_V2,2026-06-06
TCI,Transport Corporation of India Limited,LOGISTICS,AUTO_V2,2026-06-06
TCIEXP,TCI Express Limited,LOGISTICS,AUTO_V2,2026-06-06
TCS,Tata Consultancy Services Limited,IT,AUTO_V2,2026-06-06
TECHM,Tech Mahindra Limited,IT,AUTO_V2,2026-06-06
TECILCHEM,TECIL Chemicals and Hydro Power Limited,POWER,AUTO_V2,2026-06-06
TEGA,Tega Industries Limited,INDUSTRIAL_MANUFACTURING,AUTO_V2,2026-06-06
TEMBO,Tembo Global Industries Limited,INDUSTRIAL_MANUFACTURING,AUTO_V2,2026-06-06
TENNIND,Tenneco Clean Air India Limited,AVIATION,AUTO_V2,2026-06-06
TERASOFT,Tera Software Limited,IT,AUTO_V2,2026-06-06
TEXRAIL,Texmaco Rail & Engineering Limited,RAILWAY,AUTO_V2,2026-06-06
TGBHOTELS,TGB Banquets And Hotels Limited,HOSPITALITY,AUTO_V2,2026-06-06
THEJO,Thejo Engineering Limited,CAPITAL_GOODS,AUTO_V2,2026-06-06
THERMAX,Thermax Limited,CAPITAL_GOODS,AUTO_V2,2026-06-06
THYROCARE,Thyrocare Technologies Limited,IT,AUTO_V2,2026-06-06
TI,Tilaknagar Industries Limited,INDUSTRIAL_MANUFACTURING,AUTO_V2,2026-06-06
TICL,Twamev Construction and Infrastructure Limited,INFRASTRUCTURE,AUTO_V2,2026-06-06
TIMKEN,Timken India Limited,CAPITAL_GOODS,AUTO_V2,2026-06-06
TINNARUBR,Tinna Rubber and Infrastructure Limited,INFRASTRUCTURE,AUTO_V2,2026-06-06
TIRUMALCHM,Thirumalai Chemicals Limited,CHEMICALS,AUTO_V2,2026-06-06
TITAGARH,TITAGARH RAIL SYSTEMS LIMITED,RAILWAY,AUTO_V2,2026-06-06
TITAN,Titan Company Limited,CONSUMER_DURABLES,AUTO_V2,2026-06-06
TMB,Tamilnad Mercantile Bank Limited,BANKING,AUTO_V2,2026-06-06
TMCV,Tata Motors Limited,AUTO,AUTO_V2,2026-06-06
TMPV,Tata Motors Passenger Vehicles Limited,AUTO,AUTO_V2,2026-06-06
TNTELE,Tamilnadu Telecommunication Limited,TELECOM,AUTO_V2,2026-06-06
TOLINS,Tolins Tyres Limited,AUTO_ANCILLARY,AUTO_V2,2026-06-06
TORNTPHARM,Torrent Pharmaceuticals Limited,PHARMA,AUTO_V2,2026-06-06
TORNTPOWER,Torrent Power Limited,POWER,AUTO_V2,2026-06-06
TRACXN,Tracxn Technologies Limited,IT,AUTO_V2,2026-06-06
TREL,Transindia Real Estate Limited,REALTY,AUTO_V2,2026-06-06
TRIGYN,Trigyn Technologies Limited,IT,AUTO_V2,2026-06-06
TRIVENI,Triveni Engineering & Industries Limited,SUGAR,AUTO_V2,2026-06-06
TRUALT,TruAlt Bioenergy Limited,POWER,AUTO_V2,2026-06-06
TTKHLTCARE,TTK Healthcare Limited,HEALTHCARE,AUTO_V2,2026-06-06
TVSMOTOR,TVS Motor Company Limited,AUTO,AUTO_V2,2026-06-06
UCOBANK,UCO Bank,BANKING,AUTO_V2,2026-06-06
UEL,Ujaas Energy Limited,POWER,AUTO_V2,2026-06-06
UJJIVANSFB,Ujjivan Small Finance Bank Limited,BANKING,AUTO_V2,2026-06-06
ULTRACEMCO,UltraTech Cement Limited,CEMENT,AUTO_V2,2026-06-06
UNICHEMLAB,Unichem Laboratories Limited,PHARMA,AUTO_V2,2026-06-06
UNIMECH,Unimech Aerospace and Manufacturing Limited,AEROSPACE,AUTO_V2,2026-06-06
UNIONBANK,Union Bank of India,BANKING,AUTO_V2,2026-06-06
UNITDSPR,United Spirits Limited,FMCG,AUTO_V2,2026-06-06
UNIVCABLES,Universal Cables Limited,ELECTRICAL_EQUIPMENT,AUTO_V2,2026-06-06
URAVIDEF,Uravi Defence and Technology Limited,DEFENCE,AUTO_V2,2026-06-06
USK,Udayshivakumar Infra Limited,INFRASTRUCTURE,AUTO_V2,2026-06-06
UTIAMC,UTI Asset Management Company Limited,AMC_WEALTH,AUTO_V2,2026-06-06
UTKARSHBNK,Utkarsh Small Finance Bank Limited,BANKING,AUTO_V2,2026-06-06
V2RETAIL,V2 Retail Limited,RETAIL,AUTO_V2,2026-06-06
VADILALIND,Vadilal Industries Limited,INDUSTRIAL_MANUFACTURING,AUTO_V2,2026-06-06
VALIANTORG,Valiant Organics Limited,CHEMICALS,AUTO_V2,2026-06-06
VARROC,Varroc Engineering Limited,CAPITAL_GOODS,AUTO_V2,2026-06-06
VASWANI,Vaswani Industries Limited,INDUSTRIAL_MANUFACTURING,AUTO_V2,2026-06-06
VBL,Varun Beverages Limited,FMCG,AUTO_V2,2026-06-06
VENTIVE,Ventive Hospitality Limited,HOSPITALITY,AUTO_V2,2026-06-06
VETO,Veto Switchgears And Cables Limited,ELECTRICAL_EQUIPMENT,AUTO_V2,2026-06-06
VGUARD,V-Guard Industries Limited,INDUSTRIAL_MANUFACTURING,AUTO_V2,2026-06-06
VIDYAWIRES,Vidya Wires Limited,ELECTRICAL_EQUIPMENT,AUTO_V2,2026-06-06
VIJAYA,Vijaya Diagnostic Centre Limited,DIAGNOSTICS,AUTO_V2,2026-06-06
VIKRAMSOLR,Vikram Solar Limited,RENEWABLE_ENERGY,AUTO_V2,2026-06-06
VIKRAN,Vikran Engineering Limited,CAPITAL_GOODS,AUTO_V2,2026-06-06
VINATIORGA,Vinati Organics Limited,SPECIALTY_CHEMICALS,AUTO_V2,2026-06-06
VINCOFE,Vintage Coffee And Beverages Limited,FMCG,AUTO_V2,2026-06-06
VIPIND,VIP Industries Limited,INDUSTRIAL_MANUFACTURING,AUTO_V2,2026-06-06
VISAKAIND,Visaka Industries Limited,INDUSTRIAL_MANUFACTURING,AUTO_V2,2026-06-06
VISHNU,Vishnu Chemicals Limited,CHEMICALS,AUTO_V2,2026-06-06
VISHWARAJ,Vishwaraj Sugar Industries Limited,INDUSTRIAL_MANUFACTURING,AUTO_V2,2026-06-06
VMART,V-Mart Retail Limited,RETAIL,AUTO_V2,2026-06-06
VRAJ,Vraj Iron and Steel Limited,METALS,AUTO_V2,2026-06-06
VRLLOG,VRL Logistics Limited,LOGISTICS,AUTO_V2,2026-06-06
VSTIND,VST Industries Limited,INDUSTRIAL_MANUFACTURING,AUTO_V2,2026-06-06
VSTTILLERS,V.S.T Tillers Tractors Limited,AUTO,AUTO_V2,2026-06-06
WAAREEINDO,Indosolar Limited,RENEWABLE_ENERGY,AUTO_V2,2026-06-06
WAAREERTL,Waaree Renewable Technologies Limited,IT,AUTO_V2,2026-06-06
WALCHANNAG,Walchandnagar Industries Limited,INDUSTRIAL_MANUFACTURING,AUTO_V2,2026-06-06
WESTLIFE,WESTLIFE FOODWORLD LIMITED,RETAIL,AUTO_V2,2026-06-06
WONDERLA,Wonderla Holidays Limited,HOSPITALITY,AUTO_V2,2026-06-06
XTGLOBAL,Xtglobal Infotech Limited,IT,AUTO_V2,2026-06-06
YASHO,Yasho Industries Limited,INDUSTRIAL_MANUFACTURING,AUTO_V2,2026-06-06
YATHARTH,Yatharth Hospital & Trauma Care Services Limited,HEALTHCARE,AUTO_V2,2026-06-06
YESBANK,Yes Bank Limited,BANKING,AUTO_V2,2026-06-06
ZENITHSTL,Zenith Steel Pipes & Industries Limited,INDUSTRIAL_MANUFACTURING,AUTO_V2,2026-06-06
ZENSARTECH,Zensar Technologies Limited,IT,AUTO_V2,2026-06-06
ZENTEC,Zen Technologies Limited,IT,AUTO_V2,2026-06-06
ZOTA,Zota Health Care LImited,HEALTHCARE,AUTO_V2,2026-06-06
ZUARI,Zuari Agro Chemicals Limited,CHEMICALS,AUTO_V2,2026-06-06
ZUARIIND,ZUARI INDUSTRIES LIMITED,INDUSTRIAL_MANUFACTURING,AUTO_V2,2026-06-06
