Date,Reason,First_Seen
2016-02-10,No data available for : 2016-02-10 00:00:00,2026-05-31
2019-04-29,No data available for : 2019-04-29 00:00:00,2026-05-31
2019-10-21,No data available for : 2019-10-21 00:00:00,2026-05-31
2023-06-29,No data available for : 2023-06-29 00:00:00,2026-05-31
2024-01-22,No data available for : 2024-01-22 00:00:00,2026-05-31
2024-05-20,No data available for : 2024-05-20 00:00:00,2026-05-31
2024-11-20,No data available for : 2024-11-20 00:00:00,2026-05-31
2026-01-15,No data available for : 2026-01-15 00:00:00,2026-06-01
2026-06-01,No data available for : 2026-06-01 00:00:00,2026-06-01
